"1st Test. 79.6: R Ashwin to S O'Keefe (0), 4 runs, 264/8 https://t.co/Px6Gu2Qz1R #IndvAus @Paytm"
"FIND, CATCH AND APPEAL - @Wriddhipops @stevesmith49 #INDvAUS https://t.co/nTIWPlgTih"
"RT @VVSLaxman281: Congrats Team India on a fabulous,scintillating winüëèLoved the determination,fight&amp;agression of each and every playerüëåKeep‚Ä¶"
Match underway in Bengaluru and this could be the perfect time to watch @MClarke23's Day 2 preview https://t.co/xMYQEQTCtb #INDvAUS
"3rd Test. 189.3: S O'Keefe to C Pujara (195), 4 runs, 509/6 https://t.co/d3NMQQCro5 #IndvAus @Paytm"
"2nd Test. 20.3: WICKET! S Smith (28) is out, lbw Umesh Yadav, 74/4 https://t.co/Qj8RbwMTOS #IndvAus @Paytm"
"At Stumps on Day 2 of the 2nd Test, Australia 237/6, lead India (189) by 48 runs #INDvAUS https://t.co/Rwvs5VLd3m"
"3rd Test. 55.4: R Jadeja to S Marsh (34), 4 runs, 117/4 https://t.co/d3NMQQCro5 #IndvAus @Paytm"
He plays more than 500 deliveries over two days and @cheteshwar1 smiles like he's hardly broken a sweat #champion‚Ä¶ https://t.co/DialOPlJjW
"#TeamIndia finish Day 2 on 120/1 (Vijay 42*, Pujara 10*), trail Australia (451) by 331 runs #INDvAUS https://t.co/PT5z3wUBTr"
"3rd Test. 96.5: R Ashwin to M Wade (5), 4 runs, 196/6 https://t.co/d3NMQQCro5 #IndvAus @Paytm"
"2nd Test. 36.3: U Yadav to M Renshaw (33), 4 runs, 76/1 https://t.co/Qj8RbwMTOS #IndvAus @Paytm"
"3rd Test. 58.6: I Sharma to S Smith (80), 4 runs, 194/4 https://t.co/d3NMQQCro5 #IndvAus @Paytm"
"3rd Test. 99.2: R Jadeja to P Handscomb (72), 4 runs, 204/6 https://t.co/d3NMQQCro5 #IndvAus @Paytm"
Snapped - @BrettLee_58 and captain @imVkohli early this morning #INDvAUS @Paytm Test Cricket https://t.co/NiOM6SLXaz
"1st Test. 1.2: N Lyon to M Vijay (0), 4 runs, 5/0 https://t.co/Px6Gu2Qz1R #IndvAus @Paytm"
"3rd Test. 120.1: S O'Keefe to W Saha (8), 4 runs, 343/6 https://t.co/d3NMQQCro5 #IndvAus @Paytm"
"Innings Break! India all out for  274, lead Australia (276) by 187 runs #INDvAUS https://t.co/ivJThsIjnp"
3rd Test ton for @Wriddhipops and 3rd double ton for @cheteshwar1 #INDvAUS https://t.co/L25dc8kU5P
"Test No. 50: ‚úîÔ∏è
","50 in 50th Test: ‚úîÔ∏è
",Congratulations @mvj888 #TeamIndia #IndvAus https://t.co/L5wig3pQQT
"3rd Test. 71.1: J Hazlewood to C Pujara (44), 4 runs, 197/2 https://t.co/d3NMQQCro5 #IndvAus @Paytm"
#TeamIndia Playing XI for the 3rd @Paytm Test in Ranchi #INDvAUS https://t.co/C4HSubEhD6
"3rd Test. 106.3: U Yadav to M Wade (10), 4 runs, 354/5 https://t.co/d3NMQQU2fD #IndvAus @Paytm"
"3rd Test. 209.6: P Cummins to R Jadeja (54), 4 runs, 603/9 https://t.co/d3NMQQCro5 #IndvAus @Paytm"
"2nd Test. 38.1: WICKET! R Jadeja (2) is out, b Josh Hazlewood, 120/4 https://t.co/Qj8RbwMTOS #IndvAus @Paytm"
"3rd Test. 55.6: R Ashwin to S Smith (74), 4 runs, 184/4 https://t.co/d3NMQQCro5 #IndvAus @Paytm"
#OnThisDay in 2001 @VVSLaxman281 and Rahul Dravid scripted a historic Test comeback ever at the Eden Gardens in Kol‚Ä¶ https://t.co/BQfaPxOlFS
"3rd Test. 79.5: N Lyon to C Pujara (58), 4 runs, 217/2 https://t.co/d3NMQQCro5 #IndvAus @Paytm"
"2nd Test. 32.6: U Yadav to M Renshaw (28), 4 runs, 70/1 https://t.co/Qj8RbwMTOS #IndvAus @Paytm"
"3rd Test. 94.1: S O'Keefe to K Nair (4), 4 runs, 285/4 https://t.co/d3NMQQCro5 #IndvAus @Paytm"
"3rd Test. 124.3: R Ashwin to S O'Keefe (10), 4 runs, 420/7 https://t.co/d3NMQQCro5 #IndvAus @Paytm"
"2nd Test. 80.2: M Starc to A Rahane (50), 4 runs, 228/4 https://t.co/Qj8RbwMTOS #IndvAus @Paytm"
"AUS XI: D Warner, M Renshaw, S Smith, S Marsh, P Handscomb, M Marsh, M Wade, M Starc, S O'Keefe, N Lyon, J Hazlewood"
"3rd Test. 28.4: WICKET! M Renshaw (15) is out, lbw Ishant Sharma, 59/3 https://t.co/d3NMQQCro5 #IndvAus @Paytm"
"RT @RJohri: Absolutely Brilliant, totally dependable Congratulations @cheteshwar1 @BCCI #Ausvsind"
RT @ajinkyarahane88: Special day! Special feeling. We are a family @ashwinravi99 @imVkohli @klrahul11 @cheteshwar1 @BCCI https://t.co/8sRBG‚Ä¶
"3rd Test. 119.4: P Cummins to C Pujara (121), 4 runs, 337/6 https://t.co/d3NMQQCro5 #IndvAus @Paytm"
"1st Test. 16.2: WICKET! V Kohli (13) is out, b Steve O'Keefe, 47/3 https://t.co/Px6Gu2Qz1R #IndvAus @Paytm"
VIDEO: @imVkohli receives the Polly Umrigar Award https://t.co/Y6lk34KCo6 #NAMAN #BCCIawards
Preparations on in full swing. #TeamIndia sweat it out at the nets in  the build up to the second Test in Bengaluru‚Ä¶ https://t.co/JMzitsKAgf
"3rd Test. 8.6: U Yadav to S Smith (6), 4 runs, 30/2 https://t.co/d3NMQQCro5 #IndvAus @Paytm"
"2nd Test. 5.5: R Ashwin to S Smith (4), 4 runs, 27/1 https://t.co/Qj8RbwMTOS #IndvAus @Paytm"
"2nd Test. 73.2: R Ashwin to P Handscomb (10), 4 runs, 149/3 https://t.co/Qj8RbwMTOS #IndvAus @Paytm"
"2nd Test. 2.6: M Starc to A Mukund (6), 4 runs, 19/0 https://t.co/Qj8RbwMTOS #IndvAus @Paytm"
RT @parthiv9: This is how it is done..well played India...@BCCI @anilkumble1074
"2nd Test. 75.1: R Ashwin to S Marsh (35), 4 runs, 160/3 https://t.co/Qj8RbwMTOS #IndvAus @Paytm"
#TeamIndia head coach @anilkumble1074 inspects the pitch #INDvAUS https://t.co/rTysd00efB
3rd Test. It's all over! Match drawn https://t.co/d3NMQQCro5 #IndvAus @Paytm
Day ‚úåüèªÔ∏èthoughts? ü§î #INDvAUS @Paytm Test Cricket https://t.co/wqPcwl22oO
"At Lunch on Day 1 of the 3rd @Paytm Test, Australia -109/3 (Smith 34*, Renshaw 44). Follow the game here -‚Ä¶ https://t.co/Wu9L44FMAN"
"2nd Test. 16.1: I Sharma to D Warner (27), 4 runs, 44/0 https://t.co/Qj8RbwMTOS #IndvAus @Paytm"
3rd Test. Australia win the toss and elect to Bat https://t.co/d3NMQQCro5 #IndvAus @Paytm
"3rd Test. 29.1: WICKET! S Smith (21) is out, b Ravindra Jadeja, 63/4 https://t.co/d3NMQQCro5 #IndvAus @Paytm"
"3rd Test. 199.2: J Hazlewood to R Jadeja (20), 4 runs, 555/8 https://t.co/d3NMQQCro5 #IndvAus @Paytm"
Day 4! #TeamIndia #INDvAUS @Paytm Test cricket https://t.co/mIlMCum1Qt
Time to grab them all on Day 5 #INDvAUS #TeamIndia @Paytm Test cricket https://t.co/DXmqnwL7eY
"2nd Test. 64.5: S O'Keefe to A Rahane (38), 4 runs, 198/4 https://t.co/Qj8RbwMTOS #IndvAus @Paytm"
'You hit - I catch' in beautiful slow-mo #TeamIndia #INDvAUS https://t.co/CBHCaseq2V
"2nd Test. 39.4: N Lyon to A Rahane (7), 4 runs, 104/3 https://t.co/Qj8RbwMTOS #IndvAus @Paytm"
"1st Test. 4.5: WICKET! M Vijay (2) is out, lbw Steve O'Keefe, 10/1 https://t.co/Px6Gu2Qz1R #IndvAus @Paytm"
"35.2: WICKET! P Handscomb (24) is out, c Wriddhiman Saha b Ravichandran Ashwin, 110/9"
"1st Test. 33.1: N Lyon to J Yadav (5), 4 runs, 107/9 https://t.co/Px6Gu2Qz1R #IndvAus @Paytm"
"2nd Test. 86.1: M Starc to W Saha (4), 4 runs, 250/8 https://t.co/Qj8RbwMTOS #IndvAus @Paytm"
WHACK WHACK BOOM! @mvj888 on the ball! #TeamIndia #INDvAUS @Paytm Test cricket https://t.co/tOvPS8iK5K
VIDEO: A day off watching the sunset and trekking the mountains. #TeamIndia spend some quality time off the field https://t.co/dnMiMtMwGz
#BCCIawards - All-rounder @ashwinravi99 wins the Dilip Sardesai Award. He becomes the first cricketer to receive th‚Ä¶ https://t.co/t9gdsrzWZW
Just for laughs. How's that for a pitch report ;) @sanjaymanjrekar at it #INDvAUS @Paytm Test Cricket https://t.co/lhCiMOJyzJ
RT @RaviShastriOfc: Brilliant initiative by the @BCCI to get school kids to witness Test Cricket throughout the home season #INDvAUS https:‚Ä¶
Did you like the Commentators‚Äô take on #IshantGameFace Challenge? Send us your videos and pics to @BCCI with‚Ä¶ https://t.co/2u2f12qz56
And we are off! Bengaluru are you ready? #INDvAUS #TeamIndia https://t.co/rbxH8F3x66
"3rd Test. 11.2: R Jadeja to S Smith (4), 4 runs, 54/1 https://t.co/d3NMQQCro5 #IndvAus @Paytm"
"3rd Test. 37.5: J Hazlewood to C Pujara (10), 4 runs, 115/1 https://t.co/d3NMQQCro5 #IndvAus @Paytm"
"2nd Test. 16.3: J Hazlewood to C Pujara (9), 4 runs, 43/1 https://t.co/Qj8RbwMTOS #IndvAus @Paytm"
"3rd Test. 38.6: I Sharma to S Smith (48), 4 runs, 129/3 https://t.co/d3NMQQCro5 #IndvAus @Paytm"
"3rd Test. 207.4: P Cummins to U Yadav (15), 4 runs, 594/8 https://t.co/d3NMQQCro5 #IndvAus @Paytm"
"1st Test. 14.3: S O'Keefe to V Kohli (11), 4 runs, 41/2 https://t.co/Px6Gu2Qz1R #IndvAus @Paytm"
"3rd Test. 5.5: U Yadav to M Renshaw (20), 4 runs, 31/0 https://t.co/d3NMQQCro5 #IndvAus @Paytm"
"At Tea on Day 2 of the 2nd @Paytm Test, Australia are 163/5, trail India (189) by 26 runs #INDvAUS https://t.co/55mxfKxtmX"
Innings break! Australia all out for 451. #INDvAUS https://t.co/2eIEJqj6kM
"3rd Test. 60.4: I Sharma to S Smith (84), 4 runs, 198/4 https://t.co/d3NMQQCro5 #IndvAus @Paytm"
"3rd Test. 44.6: U Yadav to S Smith (58), 4 runs, 151/4 https://t.co/d3NMQQCro5 #IndvAus @Paytm"
"65.3: WICKET! W Saha (1) is out, c Steve Smith b Nathan Lyon, 178/7 https://t.co/Qj8RbwMTOS #IndvAus @Paytm"
How's that for a 'hotel reception' #TeamIndia #INDvAUS https://t.co/CSg2fZ96Zm
Some early morning broom for the pitch before the start of Day 4 #INDvAUS @Paytm Test cricket https://t.co/mZs06gqLut
"2nd Test. 38.5: J Hazlewood to L Rahul (59), 4 runs, 98/3 https://t.co/Qj8RbwMTOS #IndvAus @Paytm"
50! A quality half-century from @klrahul11. His fourth in this series so far. #INDvAUS https://t.co/mhWOOf64Bz
"3rd Test. 32.3: N Lyon to M Vijay (31), 4 runs, 101/1 https://t.co/d3NMQQCro5 #IndvAus @Paytm"
"3rd Test. 7.4: P Cummins to L Rahul (17), 4 runs, 19/0 https://t.co/d3NMQQCro5 #IndvAus @Paytm"
Welcome to our live coverage of the 2nd Test between India and Australia https://t.co/Qj8RbwMTOS #IndvAus @Paytm
"2nd Test. 101.3: K Nair to M Starc (6), 4 runs, 227/6 https://t.co/Qj8RbwMTOS #IndvAus @Paytm"
"At Lunch on Day 2 of the 2nd Test, Australia 87/2 (Renshaw 40*), trail India (189) by 102 runs #INDvAUS https://t.co/2rAacMz1Mb"
"3rd Test. 85.6: J Hazlewood to A Rahane (10), 4 runs, 254/3 https://t.co/d3NMQQCro5 #IndvAus @Paytm"
Holding on to them nice and easy. An intense catching drill before the players hit the nets #TeamIndia #INDvAUS https://t.co/FoC9kf8z3V
"69.2: WICKET! R Jadeja (3) is out, c Steve Smith b Nathan Lyon, 188/8 https://t.co/Qj8RbwMTOS #IndvAus @Paytm"
RT @MishiAmit: Congratulations guys. Well done team India So proud of you all üëç üí™üí™üí™üí™
"2nd Test. 22.6: U Yadav to M Marsh (5), 4 runs, 84/4 https://t.co/Qj8RbwMTOS #IndvAus @Paytm"
RT @imVkohli: Happy Holi everybody. Have a great day today üôèüèºüòá. Please make sure no harm is done to the animals on the streets. God Bless a‚Ä¶
And...we are off! Ranchi are you ready? #TeamIndia #INDvAUS @Paytm Test cricket https://t.co/33HSprZA1K
"3rd Test. 90.6: U Yadav to G Maxwell (86), 4 runs, 303/4 https://t.co/d3NMQQU2fD #IndvAus @Paytm"
"24.2: WICKET! L Rahul (51) is out, c Steve Smith b Steve O'Keefe, 83/2 https://t.co/Qj8RbwMTOS #IndvAus @Paytm"
A beautiful sunset followed by an enjoyable Trek. A look at the team's fun activities - Video up on‚Ä¶ https://t.co/FoLxpufxSw
First one to enter the nets. @ajinkyarahane88 at it early #INDvAUS #TeamIndia @Paytm Test cricket https://t.co/KVdmztuqO9
"2nd Test. 107.4: R Ashwin to M Starc (14), 4 runs, 241/6 https://t.co/Qj8RbwMTOS #IndvAus @Paytm"
"3rd Test. 6.2: R Ashwin to M Renshaw (7), 4 runs, 23/1 https://t.co/d3NMQQCro5 #IndvAus @Paytm"
"3rd Test. 0.6: R Ashwin to D Warner (8), 4 runs, 8/0 https://t.co/d3NMQQCro5 #IndvAus @Paytm"
"2nd Test. 32.3: U Yadav to M Renshaw (24), 4 runs, 66/1 https://t.co/Qj8RbwMTOS #IndvAus @Paytm"
"3rd Test. 28.3: U Yadav to S Smith (31), 4 runs, 105/3 https://t.co/d3NMQQCro5 #IndvAus @Paytm"
"1st Test. 5.3: WICKET! L Rahul (10) is out, lbw Nathan Lyon, 16/2 https://t.co/Px6Gu2Qz1R #IndvAus @Paytm"
DRS - Dressing room review system? Smith tries to get some suggestions from the dressing room for a review https://t.co/2V488WaKEp #INDvAUS
"2nd Test. 24.6: I Sharma to M Marsh (13), 4 runs, 98/4 https://t.co/Qj8RbwMTOS #IndvAus @Paytm"
"2nd Test. 10.3: U Yadav to S Smith (16), 4 runs, 50/2 https://t.co/Qj8RbwMTOS #IndvAus @Paytm"
Here's wishing everyone a very #HappyHoli https://t.co/xXchVrKqaH
Jai Hind #TeamIndia #INDvAUS üòÄ https://t.co/fNjxERrqQV
"3rd Test. 56.6: R Ashwin to P Handscomb (29), 4 runs, 131/4 https://t.co/d3NMQQCro5 #IndvAus @Paytm"
"3rd Test. 82.5: M Vijay to S Smith (103), 4 runs, 272/4 https://t.co/d3NMQQCro5 #IndvAus @Paytm"
"3rd Test. 28.5: I Sharma to S Marsh (4), 4 runs, 63/3 https://t.co/d3NMQQCro5 #IndvAus @Paytm"
#BCCIawards - Captain @imVkohli has been awarded the Polly Umrigar Award for the 3rd time #NAMAN https://t.co/01lai5p1AY
RT @anilkumble1074: Winning moments of a stellar comeback! Let‚Äôs keep the momentum going in the coming games. #IndvAus @BCCI https://t.co/y‚Ä¶
VIDEO: The men who work behind the scenes - Batting coach @ImSanjayBangar and training assistant Raghu #INDvAUS https://t.co/60R1nbNFex
"135.6: WICKET! N Lyon (1) is out, c Karun Nair b Ravindra Jadeja, 449/9 https://t.co/d3NMQQCro5 #IndvAus @Paytm"
"3rd Test. 40.2: U Yadav to P Handscomb (17), 4 runs, 136/3 https://t.co/d3NMQQCro5 #IndvAus @Paytm"
"2nd Test. 79.6: WICKET! M Marsh (0) is out, lbw Ishant Sharma, 163/5 https://t.co/Qj8RbwMTOS #IndvAus @Paytm"
RT @coach_rsridhar: This is the scene as we drive from the airport to the ground! Snow clad Dhauladhar range!! #IndvAus @BCCI #travelday ht‚Ä¶
RT @MdShami11: Well done boys congratulationüëèüëèüëèüëèüëç
"2nd Test. 86.6: M Starc to W Saha (8), 4 runs, 256/8 https://t.co/Qj8RbwMTOS #IndvAus @Paytm"
1st Test. It's all over! Australia won by 333 runs https://t.co/Px6Gu2Qz1R #IndvAus @Paytm
"47.3: WICKET! A Rahane (17) is out, st Matthew Wade b Nathan Lyon, 118/4 https://t.co/Qj8RbwMTOS #IndvAus @Paytm"
RT @sachin_rt: Chak de India!! #INDvAUS https://t.co/XjIyzVKvEh
"1st Test. 31.4: WICKET! R Jadeja (3) is out, b Nathan Lyon, 102/8 https://t.co/Px6Gu2Qz1R #IndvAus @Paytm"
"That's Stumps on Day 4. Australia are (451 &amp; 23/2), trail India 603/9d by 129 runs #INDvAUS https://t.co/ta7izqfrqX"
"2nd Test. 30.6: M Starc to V Kohli (6), 4 runs, 79/2 https://t.co/Qj8RbwMTOS #IndvAus @Paytm"
BCCI announces @oppo as the new Team sponsor. The partnership with Indian Cricket will start from Apr 2017 for a period of five years #OPPO
Rise and shine Bengaluru! #INDvAUS #TeamIndia https://t.co/hTD7iqJgB2
Match Drawn!! #INDvAUS https://t.co/LZkjdIfKpU
"2nd Test. 102.4: U Yadav to M Starc (11), 4 runs, 232/6 https://t.co/Qj8RbwMTOS #IndvAus @Paytm"
VIDEO: Farokh Engineer delivers the 5th MAK Pataudi Memorial Lecture https://t.co/8uDJOA6K3x #NAMAN #BCCIawards
"IN WHITES, UP NEXT ! #INDvAUS https://t.co/zBVkILnZzY"
"3rd Test. 2.5: I Sharma to M Renshaw (8), 4 runs, 10/0 https://t.co/d3NMQQCro5 #IndvAus @Paytm"
"3rd Test. 9.4: WICKET! D Warner (19) is out, c &amp; b Ravindra Jadeja, 50/1 https://t.co/d3NMQQCro5 #IndvAus @Paytm"
"3rd Test. 14.4: S O'Keefe to L Rahul (35), 4 runs, 42/0 https://t.co/d3NMQQCro5 #IndvAus @Paytm"
"3rd Test. 127.4: R Jadeja to S O'Keefe (18), 4 runs, 431/7 https://t.co/d3NMQQCro5 #IndvAus @Paytm"
"3rd Test. 61.1: R Ashwin to P Handscomb (37), 5 runs, 139/4 https://t.co/d3NMQQCro5 #IndvAus @Paytm"
"2nd Test. 22.3: U Yadav to P Handscomb (9), 4 runs, 79/4 https://t.co/Qj8RbwMTOS #IndvAus @Paytm"
"4.3: WICKET! M Renshaw (5) is out, c Wriddhiman Saha b Ishant Sharma, 22/1"
"3rd Test. 41.5: S O'Keefe to M Vijay (48), 6 runs, 128/1 https://t.co/d3NMQQCro5 #IndvAus @Paytm"
At work - captain @imVkohli #TeamIndia #INDvAUS https://t.co/77YosOB30H
"2nd Test. 2.5: WICKET! A Mukund (0) is out, lbw Mitchell Starc, 11/1 https://t.co/Qj8RbwMTOS #IndvAus @Paytm"
"3rd Test. 32.2: N Lyon to M Vijay (27), 4 runs, 97/1 https://t.co/d3NMQQCro5 #IndvAus @Paytm"
Day 3 ‚òÅÔ∏è #INDvAUS @Paytm Test Cricket #TeamIndia https://t.co/OdvJskspq7
"2nd Test. 91.1: N Lyon to I Sharma (4), 4 runs, 266/9 https://t.co/Qj8RbwMTOS #IndvAus @Paytm"
"2nd Test. 82.1: R Jadeja to S Marsh (43), 4 runs, 169/5 https://t.co/Qj8RbwMTOS #IndvAus @Paytm"
"3rd Test. 9.3: R Jadeja to D Warner (19), 4 runs, 50/0 https://t.co/d3NMQQCro5 #IndvAus @Paytm"
"2nd Test. 23.5: N Lyon to L Rahul (42), 4 runs, 63/1 https://t.co/Qj8RbwMTOS #IndvAus @Paytm"
199 runs &amp; 317 minutes later. The partnership continues on and off the field @Wriddhipops &amp; @cheteshwar1 #TeamIndia‚Ä¶ https://t.co/Jd4d7LGGlM
"1st Test. 20.2: S O'Keefe to A Rahane (10), 4 runs, 63/3 https://t.co/Px6Gu2Qz1R #IndvAus @Paytm"
"3rd Test. 209.2: P Cummins to R Jadeja (50), 4 runs, 599/9 https://t.co/d3NMQQU2fD #IndvAus @Paytm"
"'It's important to accept defeat and learn from your mistakes,' @imVkohli ahead of the 2nd Test against Australia‚Ä¶ https://t.co/piIxnuxZxJ"
"3rd Test. 107.2: R Jadeja to M Wade (11), 4 runs, 363/5 https://t.co/d3NMQQU2fD #IndvAus @Paytm"
"Innings Break! Australia all out for 285, lead India (105) by 440 runs. Follow the game here -‚Ä¶ https://t.co/kN59vC5uFX"
"2nd Test. 13.2: R Ashwin to S Smith (24), 4 runs, 63/2 https://t.co/Qj8RbwMTOS #IndvAus @Paytm"
"3rd Test. 24.5: I Sharma to S Smith (20), 4 runs, 54/2 https://t.co/d3NMQQCro5 #IndvAus @Paytm"
"3rd Test. 192.5: S O'Keefe to W Saha (111), 4 runs, 525/6 https://t.co/d3NMQQCro5 #IndvAus @Paytm"
"3rd Test. 91.3: I Sharma to S Smith (121), 4 runs, 307/4 https://t.co/d3NMQQU2fD #IndvAus @Paytm"
"87.3: WICKET! U Yadav (1) is out, c David Warner b Josh Hazlewood, 256/9 https://t.co/Qj8RbwMTOS #IndvAus @Paytm"
"Despite the loss of one eye, he was still a world class player - Engineer on MAK Pataudi #Naman https://t.co/eGZrodOT2K"
2nd Test. India win the toss and elect to bat https://t.co/Qj8RbwMTOS #IndvAus @Paytm
"2nd Test. 66.1: R Jadeja to M Renshaw (60), 6 runs, 134/2 https://t.co/Qj8RbwMTOS #IndvAus @Paytm"
"3rd Test. 96.2: S O'Keefe to K Nair (10), 4 runs, 297/4 https://t.co/d3NMQQCro5 #IndvAus @Paytm"
"3rd Test. 207.2: P Cummins to U Yadav (11), 4 runs, 590/8 https://t.co/d3NMQQCro5 #IndvAus @Paytm"
"At Tea on Day 5, Australia are (451 &amp; 149/4), trail India (603/9d) by 3 runs #INDvAUS https://t.co/kvFhbQ3liY"
Some pre-start talk between @RaviShastriOfc and @imVkohli #INDvAUS https://t.co/mTrTFQX4KC
"2nd Test. 3.3: J Hazlewood to L Rahul (15), 4 runs, 15/1 https://t.co/Qj8RbwMTOS #IndvAus @Paytm"
"3rd Test. 131.2: P Cummins to W Saha (23), 4 runs, 366/6 https://t.co/d3NMQQCro5 #IndvAus @Paytm"
"Lunch on Day 5, Australia are (451 &amp; 83/4) trail India (603/9d) by 69 runs #INDvAUS https://t.co/gDFEZqZZ5X"
"3rd Test. 74.6: S O'Keefe to C Pujara (52), 4 runs, 206/2 https://t.co/d3NMQQCro5 #IndvAus @Paytm"
VIDEO: @ashwinravi99 receives the Dilip Sardesai Award https://t.co/5nyh0cJbrm #NAMAN #BCCIawards
"At Tea on Day 1 of the 3rd @Paytm Test, Australia are 194/4 (Smith 80*, Maxwell 19*) #INDvAUS https://t.co/1w9lH9jDru"
"3rd Test. 90.4: S O'Keefe to C Pujara (95), 4 runs, 272/3 https://t.co/d3NMQQCro5 #IndvAus @Paytm"
"2nd Test. 0.3: I Sharma to M Renshaw (4), 4 runs, 6/0 https://t.co/Qj8RbwMTOS #IndvAus @Paytm"
"3rd Test. 173.2: J Hazlewood to C Pujara (181), 4 runs, 471/6 https://t.co/d3NMQQCro5 #IndvAus @Paytm"
"2nd Test. 44.6: S O'Keefe to A Rahane (15), 4 runs, 113/3 https://t.co/Qj8RbwMTOS #IndvAus @Paytm"
"3rd Test. 84.5: N Lyon to A Rahane (5), 4 runs, 245/3 https://t.co/d3NMQQCro5 #IndvAus @Paytm"
"1st Test. 80.1: R Jadeja to N Lyon (6), 4 runs, 268/8 https://t.co/Px6Gu2Qz1R #IndvAus @Paytm"
"2nd Test. 12.6: J Hazlewood to L Rahul (25), 4 runs, 28/1 https://t.co/Qj8RbwMTOS #IndvAus @Paytm"
"1st Test. 28.3: WICKET! W Saha (5) is out, lbw Steve O'Keefe, 99/6 https://t.co/Px6Gu389Tp #IndvAus @Paytm"
Captain returns. Game on! #INDvAUS #TeamIndia @Paytm Test cricket https://t.co/rVvAXK9Hnt
"3rd Test. 51.2: S O'Keefe to C Pujara (19), 4 runs, 137/1 https://t.co/d3NMQQCro5 #IndvAus @Paytm"
"31.6: WICKET! I Sharma (0) is out, c David Warner b Nathan Lyon, 102/9 https://t.co/Px6Gu2Qz1R #IndvAus @Paytm"
NEWS: @imjadeja joins Ashwin as No. 1 Test bowler https://t.co/40R0B7RoGF #TeamIndia https://t.co/WL3fbKurQ7
"91.2: WICKET! A Rahane (14) is out, c Matthew Wade b Pat Cummins, 276/4 https://t.co/d3NMQQCro5 #IndvAus @Paytm"
"2nd Test. 90.6: M Starc to W Saha (14), 4 runs, 262/9 https://t.co/Qj8RbwMTOS #IndvAus @Paytm"
"3rd Test. 63.1: R Jadeja to G Maxwell (27), 4 runs, 206/4 https://t.co/d3NMQQCro5 #IndvAus @Paytm"
2nd Test. It's all over! India won by 75 runs https://t.co/Qj8RbwMTOS #IndvAus @Paytm
"94.4: WICKET! G Maxwell (2) is out, c Murali Vijay b Ravichandran Ashwin, 190/6"
"A gritty half-century from @ajinkyarahane88, his 11th in Test cricket #INDvAUS https://t.co/h0UGunsX06"
"2nd Test. 0.6: M Starc to L Rahul (10), 4 runs, 10/0 https://t.co/Qj8RbwMTOS #IndvAus @Paytm"
"At Stumps on Day 1 of the 3rd @Paytm Test, Australia are 299/4 (Smith 117*, Maxwell 82*) #INDvAUS https://t.co/gYhuHGx265"
"3rd Test. 122.2: R Ashwin to S O'Keefe (6), 4 runs, 410/7 https://t.co/d3NMQQCro5 #IndvAus @Paytm"
We will be back on the 25th for the fourth and final Test of the #INDvAUS series...Stay tuned! https://t.co/2kO9sQs4j2
High fives all around. India win the 2nd @Paytm Test by 75 runs. Level the 4-match Test series 1-1 #INDvAUS https://t.co/XDEmS7L8fN
"122.4: WICKET! J Hazlewood (1) is out, c Lokesh Rahul b Ravindra Jadeja, 276 all out"
"3rd Test. 68.5: S O'Keefe to M Vijay (82), 4 runs, 185/1 https://t.co/d3NMQQCro5 #IndvAus @Paytm"
"41.2: WICKET! S Smith (8) is out, c Wriddhiman Saha b Ravindra Jadeja, 82/2"
"196.1: WICKET! W Saha (117) is out, c Glenn Maxwell b Steve O'Keefe, 541/8"
"2nd Test. 85.1: J Hazlewood to C Pujara (92), 4 runs, 242/6 https://t.co/Qj8RbwMTOS #IndvAus @Paytm"
"2nd Test. 6.6: M Starc to A Mukund (15), 6 runs, 33/0 https://t.co/Qj8RbwMTOS #IndvAus @Paytm"
"77.6: WICKET! M Starc (30) is out, c Lokesh Rahul b Ravichandran Ashwin, 258/8"
"2nd Test. 33.2: N Lyon to V Kohli (12), 4 runs, 88/2 https://t.co/Qj8RbwMTOS #IndvAus @Paytm"
"2nd Test. 57.3: S O'Keefe to R Ashwin (0), 4 runs, 160/5 https://t.co/Qj8RbwMTOS #IndvAus @Paytm"
"2nd Test. 85.4: J Hazlewood to R Ashwin (4), 4 runs, 246/7 https://t.co/Qj8RbwMTOS #IndvAus @Paytm"
"61.5: WICKET! R Ashwin (7) is out, c David Warner b Nathan Lyon, 174/6 https://t.co/Qj8RbwMTOS #IndvAus @Paytm"
RT @imVkohli: Special day this. We are a team. We win together we lose together. Proud of you boys. Jai Hind üáÆüá≥ https://t.co/nhmeI8YTvq
RT @ashwinravi99: This mans 6 runs set us up today!Bowled his heart out too..Well done Ishy https://t.co/RSiUX0Ayft
"3rd Test. 0.6: I Sharma to M Renshaw (4), 4 runs, 4/0 https://t.co/d3NMQQCro5 #IndvAus @Paytm"
"'I'm on cloud nine since women‚Äôs cricket has now been put on a pedestal,' Shantha Rangaswamy to @PrajPP #BCCIawards‚Ä¶ https://t.co/zrSog7Easm"
"3rd Test. 112.4: R Ashwin to M Wade (30), 4 runs, 386/5 https://t.co/d3NMQQCro5 #IndvAus @Paytm"
"3rd Test. 89.1: P Cummins to A Rahane (13), 4 runs, 266/3 https://t.co/d3NMQQCro5 #IndvAus @Paytm"
"3rd Test. 78.1: M Vijay to G Maxwell (61), 4 runs, 253/4 https://t.co/d3NMQQU2fD #IndvAus @Paytm"
"2nd Test. 34.2: WICKET! V Kohli (15) is out, lbw Josh Hazlewood, 112/3 https://t.co/Qj8RbwMTOS #IndvAus @Paytm"
"2nd Test. 120.2: WICKET! N Lyon (0) is out, lbw Ravindra Jadeja, 274/9 https://t.co/Qj8RbwMTOS #IndvAus @Paytm"
"115.4: WICKET! R Ashwin (3) is out, c Matthew Wade b Pat Cummins, 328/6 https://t.co/d3NMQQCro5 #IndvAus @Paytm"
#TeamIndia go into lunch on Day 3 with 38/0 on the board. Trail Australia (276) by 49 runs #INDvAUS https://t.co/NS5jXogYPc
It's a lovely sunny morning here in Bengaluru as #TeamIndia gather in a huddle before preparations begin on Test ma‚Ä¶ https://t.co/lUwVwyhhZH
FIFTY! @cheteshwar1 brings up his 15th Test 50 @Paytm #INDvAUS https://t.co/v2u0OUAlXz
"2nd Test. 67.6: N Lyon to A Rahane (39), 4 runs, 205/4 https://t.co/Qj8RbwMTOS #IndvAus @Paytm"
RT @RaviShastriOfc: SHAZ IS HERE !!! https://t.co/GFRWvkFdnl
"1st Test. 28.5: WICKET! C Pujara (31) is out, lbw Steve O'Keefe, 100/7 https://t.co/Px6Gu2Qz1R #IndvAus @Paytm"
"3rd Test. 103.6: R Jadeja to M Wade (5), 4 runs, 345/5 https://t.co/d3NMQQU2fD #IndvAus @Paytm"
Thank you Pune! We will be back! #TeamIndia #INDvAUS @Paytm Test cricket https://t.co/eaBYnHO6Le
"3rd Test. 85.6: R Ashwin to G Maxwell (74), 4 runs, 288/4 https://t.co/d3NMQQCro5 #IndvAus @Paytm"
"3rd Test. 64.2: N Lyon to M Vijay (70), 4 runs, 165/1 https://t.co/d3NMQQCro5 #IndvAus @Paytm"
"2nd Test. 24.1: I Sharma to P Handscomb (15), 4 runs, 89/4 https://t.co/Qj8RbwMTOS #IndvAus @Paytm"
Day ‚úåüèª#TeamIndia #INDvAUS @Paytm Test Cricket https://t.co/mrmjPlrigf
In deep conversation before the start of Day 2 #INDvAUS https://t.co/fCbnEUU1V0
Scores level #INDvAUS https://t.co/FyrBMI05qL
"3rd Test. 195.5: N Lyon to R Jadeja (8), 4 runs, 541/7 https://t.co/d3NMQQCro5 #IndvAus @Paytm"
India batsman @klrahul11 took some time to meet and greet a few differently abled kids who had gathered to watch‚Ä¶ https://t.co/sY3nZoLSj3
"100.2: WICKET! S Marsh (67) is out, c Karun Nair b Umesh Yadav, 220/6 https://t.co/Qj8RbwMTOS #IndvAus @Paytm"
"1st Test. 26.1: S O'Keefe to W Saha (4), 4 runs, 95/5 https://t.co/Px6Gu2Qz1R #IndvAus @Paytm"
"115.4: WICKET! M Wade (37) is out, c Wriddhiman Saha b Ravindra Jadeja, 395/6"
"134.3: WICKET! S O'Keefe (25) is out, c Murali Vijay b Umesh Yadav, 446/8 https://t.co/d3NMQQCro5 #IndvAus @Paytm"
"35.4: WICKET! N Lyon (2) is out, c &amp; b Ravichandran Ashwin, 112 all out https://t.co/Qj8RbwMTOS #IndvAus @Paytm"
RT @tiwarymanoj: What an outstanding partnership @cheteshwar1 &amp; @Wriddhipops. Congratulations both on well deserved milestones üëç @BCCI
"RT @cheteshwar1: It was hard fought victory for us,TEAM INDIA is back in the series with a bang,come on guys lets do it @BCCI https://t.co/‚Ä¶"
"2nd Test. 1.3: J Hazlewood to L Rahul (10), 4 runs, 11/0 https://t.co/Qj8RbwMTOS #IndvAus @Paytm"
Rise and shine! Did anyone predict a thunderstorm? #INDvAUS @Paytm Test cricket https://t.co/T9X5MwXPet
"91.2: WICKET! S Marsh (53) is out, c Murali Vijay b Ravindra Jadeja, 187/5"
"71.2: WICKET! I Sharma (0) is out, c Peter Handscomb b Nathan Lyon, 189 all out"
How's that for a grab from @Wriddhipops #TeamIndia #INDvAUS https://t.co/JVKnnlKBRF
READ: BCCI and Cricket Australia partner for Exchange Programs https://t.co/e0ATIdQKfn https://t.co/BliLae0MlE
"3rd Test. 19.4: N Lyon to M Vijay (18), 4 runs, 60/0 https://t.co/d3NMQQCro5 #IndvAus @Paytm"
"1st Test. 21.6: N Lyon to A Rahane (18), 4 runs, 76/3 https://t.co/Px6Gu2Qz1R #IndvAus @Paytm"
No.3 and No.4 in full flow. How's that for a drive from @cheteshwar1 and a pull from @imVkohli #TeamIndia #INDvAUS https://t.co/TcQrpNAKdK
"2nd Test. 21.3: N Lyon to L Rahul (42), 4 runs, 57/1 https://t.co/Qj8RbwMTOS #IndvAus @Paytm"
"2nd Test. 54.5: I Sharma to S Marsh (14), 4 runs, 105/2 https://t.co/Qj8RbwMTOS #IndvAus @Paytm"
I want youngsters to know and respect how great he was to Indian Cricket #Naman
RT @GautamGambhir: Congratulations #TeamIndia A complete team effort. Totally deserved. Onwards and upwards from here. #IndvAus https://t.c‚Ä¶
"2nd Test. 11.5: R Ashwin to S Marsh (6), 4 runs, 58/2 https://t.co/Qj8RbwMTOS #IndvAus @Paytm"
NEWS ALERT - Mr. Rajinder Goel and Mr. Padmakar Shivalkar nominated for Col. CK Nayudu Lifetime Achievement Award #NAMAN #BCCIawards
"193.2: WICKET! C Pujara (202) is out, c Glenn Maxwell b Nathan Lyon, 527/7"
"3rd Test. 82.1: P Cummins to C Pujara (70), 4 runs, 230/3 https://t.co/d3NMQQCro5 #IndvAus @Paytm"
"AUS XI: D Warner, M Renshaw, S Smith, S Marsh, P Handscomb, G Maxwell, M Wade, P Cummins, S O'Keefe, N Lyon, J Hazlewood"
"Former wicket-keeper, batsman Farokh Engineer is delivering the 5th MAK Pataudi Lecture #Naman https://t.co/etzq1S5Rf8"
"71.1: WICKET! L Rahul (90) is out, c Matt Renshaw b Nathan Lyon, 189/9 https://t.co/Qj8RbwMTOS #IndvAus @Paytm"
"1st Test. 21.1: N Lyon to C Pujara (21), 4 runs, 71/3 https://t.co/Px6Gu2Qz1R #IndvAus @Paytm"
"27.5: WICKET! M Wade (0) is out, c Wriddhiman Saha b Ravichandran Ashwin, 101/6"
"3rd Test. 42.2: WICKET! P Handscomb (19) is out, lbw Umesh Yadav, 140/4 https://t.co/d3NMQQCro5 #IndvAus @Paytm"
"2nd Test. 7.6: R Ashwin to D Warner (16), 6 runs, 40/1 https://t.co/Qj8RbwMTOS #IndvAus @Paytm"
"3rd Test. 2.2: R Ashwin to D Warner (13), 4 runs, 16/0 https://t.co/d3NMQQCro5 #IndvAus @Paytm"
He's ecstatic! @imjadeja with another five-wicket haul @Paytm Test Cricket #INDvAUS https://t.co/2U12d5gCnu
Look who's come to watch the game #INDvAUS https://t.co/vtpIwDvRXg
"2nd Test. 97.3: R Jadeja to M Wade (17), 4 runs, 210/5 https://t.co/Qj8RbwMTOS #IndvAus @Paytm"
READ: When Starc brought back memories of Sydney 2015 for @klrahul11. Interview by @28anand https://t.co/d5u86wErqy‚Ä¶ https://t.co/RiKGBLoSDv
"3rd Test. 98.6: U Yadav to G Maxwell (103), 4 runs, 328/4 https://t.co/d3NMQQCro5 #IndvAus @Paytm"
"22.3: WICKET! A Rahane (18) is out, c Nathan Lyon b Steve O'Keefe, 77/4 https://t.co/Px6Gu2Qz1R #IndvAus @Paytm"
"1st Test. 9.6: N Lyon to C Pujara (1), 4 runs, 26/2 https://t.co/Px6Gu389Tp #IndvAus @Paytm"
"3rd Test. 196.5: S O'Keefe to R Jadeja (12), 4 runs, 546/8 https://t.co/d3NMQQCro5 #IndvAus @Paytm"
"27.5: WICKET! C Pujara (17) is out, c Peter Handscomb b Nathan Lyon, 72/2 https://t.co/Qj8RbwMTOS #IndvAus @Paytm"
"2nd Test. 0.5: M Starc to L Rahul (5), 4 runs, 6/0 https://t.co/Qj8RbwMTOS #IndvAus @Paytm"
"3rd Test. 107.4: WICKET! K Nair (23) is out, b Josh Hazlewood, 320/5 https://t.co/d3NMQQCro5 #IndvAus @Paytm"
"3rd Test. 3.5: U Yadav to M Renshaw (12), 4 runs, 15/0 https://t.co/d3NMQQCro5 #IndvAus @Paytm"
"86.6: WICKET! S O'Keefe (6) is out, c Wriddhiman Saha b Ravindra Jadeja, 285 all out"
"3rd Test. 83.4: R Ashwin to S Smith (107), 4 runs, 277/4 https://t.co/d3NMQQCro5 #IndvAus @Paytm"
"3rd Test. 33.1: R Jadeja to S Marsh (12), 4 runs, 77/4 https://t.co/d3NMQQCro5 #IndvAus @Paytm"
"The warrior in @imjadeja celebrates #INDvAUS. India have also declared their innings on 603/9, lead Australia (451)‚Ä¶ https://t.co/5eU0qO1lc0"
"3rd Test. 98.4: R Ashwin to M Wade (9), 4 runs, 200/6 https://t.co/d3NMQQCro5 #IndvAus @Paytm"
"3rd Test. 112.4: S O'Keefe to C Pujara (117), 4 runs, 326/5 https://t.co/d3NMQQCro5 #IndvAus @Paytm"
"3rd Test. 7.2: WICKET! N Lyon (2) is out, b Ravindra Jadeja, 23/2 https://t.co/d3NMQQCro5 #IndvAus @Paytm"
"2nd Test. 58.5: J Hazlewood to R Ashwin (4), 4 runs, 167/5 https://t.co/Qj8RbwMTOS #IndvAus @Paytm"
"3rd Test. 118.2: S O'Keefe to W Saha (4), 4 runs, 333/6 https://t.co/d3NMQQCro5 #IndvAus @Paytm"
"At Tea on Day 3 of the 1st Test, India (105 &amp; 99/6). Follow the game here - https://t.co/Px6Gu2Qz1R #INDvAUS https://t.co/8jgBmQSAhf"
"66.3: WICKET! M Renshaw (60) is out, st Wriddhiman Saha b Ravindra Jadeja, 134/3"
"That's lunch on Day 2 of the 3rd @Paytm Test. Australia are 401/7 (Smith 153*, Maxwell 104). Follow the game here -‚Ä¶ https://t.co/V6YfI1mp5a"
"3rd Test. 6.6: R Ashwin to M Renshaw (24), 4 runs, 36/0 https://t.co/d3NMQQCro5 #IndvAus @Paytm"
RT @harbhajan_singh: Well done @cheteshwar1  @Wriddhipops top stuff another 100 runs stand will be really good guys. Keep going strong Guys‚Ä¶
RT @chopraanjum: Yipeee!!!! üíÉüèªüíÉüèª. India wins the test match. #INDvsAUS. Well done team @BCCI üáÆüá≥üáÆüá≥üáÆüá≥üáÆüá≥.
"3rd Test. 20.4: J Hazlewood to L Rahul (46), 4 runs, 66/0 https://t.co/d3NMQQCro5 #IndvAus @Paytm"
"3rd Test. 108.1: U Yadav to M Wade (16), 4 runs, 368/5 https://t.co/d3NMQQU2fD #IndvAus @Paytm"
"3rd Test. 25.2: R Jadeja to M Renshaw (15), 4 runs, 58/2 https://t.co/d3NMQQCro5 #IndvAus @Paytm"
"3rd Test. 77.3: R Jadeja to P Handscomb (56), 4 runs, 170/4 https://t.co/d3NMQQCro5 #IndvAus @Paytm"
"208.2: WICKET! U Yadav (16) is out, c David Warner b Steve O'Keefe, 595/9 https://t.co/d3NMQQCro5 #IndvAus @Paytm"
Nice and overcast. Wouldn't mind rolling your arm over skipper? #TeamIndia #INDvAUS @Paytm Test cricket https://t.co/dajdCbgK4o
"2nd Test. 53.2: R Ashwin to S Marsh (9), 4 runs, 96/2 https://t.co/Qj8RbwMTOS #IndvAus @Paytm"
"3rd Test. 130.6: U Yadav to S O'Keefe (24), 4 runs, 440/7 https://t.co/d3NMQQCro5 #IndvAus @Paytm"
"3rd Test. 56.4: R Ashwin to P Handscomb (25), 4 runs, 127/4 https://t.co/d3NMQQCro5 #IndvAus @Paytm"
"2nd Test. 56.1: J Hazlewood to C Pujara (55), 4 runs, 167/4 https://t.co/Qj8RbwMTOS #IndvAus @Paytm"
"3rd Test. 94.4: S O'Keefe to C Pujara (104), 4 runs, 290/4 https://t.co/d3NMQQCro5 #IndvAus @Paytm"
"2nd Test. 67.2: N Lyon to L Rahul (87), 4 runs, 185/7 https://t.co/Qj8RbwMTOS #IndvAus @Paytm"
"117.6: WICKET! M Starc (26) is out, c Ravindra Jadeja b Ravichandran Ashwin, 269/7"
"3rd Test. 90.5: S O'Keefe to C Pujara (95), 4 runs, 276/3 https://t.co/d3NMQQCro5 #IndvAus @Paytm"
VIDEO: Why did Virat Kohli leave THAT ball? @sanjaymanjrekar explains.. https://t.co/lNUICtD7PD #INDvAUS
"2nd Test. 3.2: U Yadav to M Renshaw (8), 4 runs, 14/0 https://t.co/Qj8RbwMTOS #IndvAus @Paytm"
BAAM! The @klrahul11 flourish #TeamIndia #INDvAUS https://t.co/duKwhVz55Y
"2nd Test. 24.3: I Sharma to M Marsh (9), 4 runs, 94/4 https://t.co/Qj8RbwMTOS #IndvAus @Paytm"
"3rd Test. 5.1: WICKET! D Warner (14) is out, b Ravindra Jadeja, 17/1 https://t.co/d3NMQQCro5 #IndvAus @Paytm"
"3rd Test. 43.3: R Ashwin to S Marsh (27), 4 runs, 101/4 https://t.co/d3NMQQCro5 #IndvAus @Paytm"
"3rd Test. 94.6: U Yadav to G Maxwell (98), 4 runs, 322/4 https://t.co/d3NMQQU2fD #IndvAus @Paytm"
"TEAM for last two #INDvAUS Tests: Virat (C),Vijay,Rahul,Pujara,Rahane, Nair, Ashwin, Jadeja, Saha,Ishant,Umesh,Jayant,Bhuvi, Kuldeep, Mukund"
Any guesses for what's all the talk about? #TeamIndia #INDvAUS @Paytm Test cricket https://t.co/whun9uo9nG
"76.4: WICKET! P Handscomb (16) is out, c Ravichandran Ashwin b Ravindra Jadeja, 160/4"
Mr. Consistent @cheteshwar1 brings up his 11th Test ton in style #INDvAUS https://t.co/v82cSs1u3Y
"3rd Test. 4.5: I Sharma to M Renshaw (16), 4 runs, 22/0 https://t.co/d3NMQQCro5 #IndvAus @Paytm"
"1st Test. 85.4: U Yadav to S O'Keefe (6), 4 runs, 284/9 https://t.co/Px6Gu2Qz1R #IndvAus @Paytm"
"2nd Test. 84.4: WICKET! K Nair (0) is out, b Mitchell Starc, 238/6 https://t.co/Qj8RbwMTOS #IndvAus @Paytm"
"2nd Test. 22.2: M Starc to L Rahul (47), 4 runs, 78/1 https://t.co/Qj8RbwMTOS #IndvAus @Paytm"
"22.3: WICKET! M Renshaw (44) is out, c Virat Kohli b Umesh Yadav, 80/2 https://t.co/d3NMQQCro5 #IndvAus @Paytm"
Play on Day 3 ends &amp; @cheteshwar1 remains unconquered on 130 with @Wriddhipops on 18. #TeamIndia 360/6 and trail by‚Ä¶ https://t.co/iFyI1LTI37
"3rd Test. 126.4: R Ashwin to S O'Keefe (14), 4 runs, 426/7 https://t.co/d3NMQQCro5 #IndvAus @Paytm"
"Watch @BrettLee_58's one minute preview of the 2nd Test #INDvAUS
",https://t.co/Qa15AWVxaK
"3rd Test. 76.6: U Yadav to G Maxwell (57), 4 runs, 249/4 https://t.co/d3NMQQCro5 #IndvAus @Paytm"
"2nd Test. 1.1: U Yadav to D Warner (5), 4 runs, 5/0 https://t.co/Qj8RbwMTOS #IndvAus @Paytm"
"At Tea on Day 1 of the 2nd @Paytm Test, India are 168/5 (Rahul 79*, Ashwin 5*). Follow the game here -‚Ä¶ https://t.co/LpSVkERL8I"
"RT @MohammadKaif: WHAT A MATCH !
","Kohli will remember this for a long time, as will everyone who witnessed this.
",#IndvAus
"1st Test. 5.2: N Lyon to L Rahul (10), 4 runs, 16/1 https://t.co/Px6Gu2Qz1R #IndvAus @Paytm"
"UPDATE: @imjadeja claims No.1 spot for bowlers, @cheteshwar1 acquires career best 2nd place for batting in latest I‚Ä¶ https://t.co/NeHqxH54Sg"
"3rd Test. 73.4: R Jadeja to G Maxwell (51), 6 runs, 240/4 https://t.co/d3NMQQCro5 #IndvAus @Paytm"
"3rd Test. 21.4: N Lyon to L Rahul (52), 4 runs, 73/0 https://t.co/d3NMQQCro5 #IndvAus @Paytm"
"2nd Test. 18.2: J Hazlewood to L Rahul (37), 4 runs, 64/1 https://t.co/Qj8RbwMTOS #IndvAus @Paytm"
"2nd Test. 55.5: S O'Keefe to K Nair (21), 4 runs, 148/4 https://t.co/Qj8RbwMTOS #IndvAus @Paytm"
"3rd Test. 12.2: R Ashwin to M Renshaw (33), 4 runs, 58/1 https://t.co/d3NMQQCro5 #IndvAus @Paytm"
Always a pleasant meet when @ImRo45 is around! #TeamIndia https://t.co/YNiEV1LQcz
"That's lunch on Day 4 and #TeamIndia are on 435/6 (Pujara 164*, Saha 59*), trail Australia (451) by 16 runs #INDvAUS https://t.co/YkyjczWFVR"
Good vibes #TeamIndia #INDvAUS https://t.co/BJYNmBtMwU
"1st Test. 24.4: WICKET! R Ashwin (8) is out, lbw Steve O'Keefe, 89/5 https://t.co/Px6Gu2Qz1R #IndvAus @Paytm"
"25.1: WICKET! S Marsh (2) is out, c Cheteshwar Pujara b Ravichandran Ashwin, 89/3"
"3rd Test. 102.4: I Sharma to S Smith (130), 4 runs, 337/5 https://t.co/d3NMQQU2fD #IndvAus @Paytm"
"3rd Test. 86.5: R Ashwin to S Marsh (52), 4 runs, 180/4 https://t.co/d3NMQQCro5 #IndvAus @Paytm"
The @imjadeja willow flourish #INDvAUS #TeamIndia @Paytm Test cricket https://t.co/RHQ9lBMLmx
"Steve Smith's unusual stance decoded. @sanjaymanjrekar on Aussie captain's batting stance that has everyone talking 
",https://t.co/6jMu8qbyju
"3rd Test. 110.4: R Ashwin to M Wade (24), 4 runs, 378/5 https://t.co/d3NMQQU2fD #IndvAus @Paytm"
VIDEO: #TeamIndia opener @klrahul11 gives an insight of what happens during the team's net sessions https://t.co/89OEAGT3WV #INDvAUS
"3rd Test. 128.1: S O'Keefe to W Saha (17), 4 runs, 359/6 https://t.co/d3NMQQCro5 #IndvAus @Paytm"
"3rd Test. 0.4: R Ashwin to D Warner (4), 4 runs, 4/0 https://t.co/d3NMQQCro5 #IndvAus @Paytm"
"2nd Test. 53.4: R Ashwin to S Marsh (9), 4 runs, 100/2 https://t.co/Qj8RbwMTOS #IndvAus @Paytm"
"3rd Test. 102.6: I Sharma to S Smith (134), 4 runs, 341/5 https://t.co/d3NMQQU2fD #IndvAus @Paytm"
"2nd Test. 32.1: J Hazlewood to V Kohli (9), 4 runs, 104/2 https://t.co/Qj8RbwMTOS #IndvAus @Paytm"
"3rd Test. 87.3: I Sharma to G Maxwell (79), 4 runs, 294/4 https://t.co/d3NMQQCro5 #IndvAus @Paytm"
"3rd Test. 74.3: U Yadav to P Handscomb (50), 4 runs, 163/4 https://t.co/d3NMQQCro5 #IndvAus @Paytm"
We are here at the M.Chinnaswamy stadium for an optional practice session. Test no.2 a couple of days away‚Ä¶ https://t.co/ep33TAsBpb
"3rd Test. 5.1: P Cummins to L Rahul (8), 4 runs, 9/0 https://t.co/d3NMQQCro5 #IndvAus @Paytm"
"3rd Test. 93.2: P Cummins to C Pujara (100), 4 runs, 281/4 https://t.co/d3NMQQCro5 #IndvAus @Paytm"
"2nd Test. 112.2: I Sharma to M Wade (29), 4 runs, 253/6 https://t.co/Qj8RbwMTOS #IndvAus @Paytm"
"3rd Test. 32.4: I Sharma to P Handscomb (0), 4 runs, 71/4 https://t.co/d3NMQQCro5 #IndvAus @Paytm"
"31.2: WICKET! L Rahul (67) is out, c Matthew Wade b Pat Cummins, 91/1 https://t.co/d3NMQQCro5 #IndvAus @Paytm"
"3rd Test. 206.5: S O'Keefe to R Jadeja (46), 6 runs, 586/8 https://t.co/d3NMQQCro5 #IndvAus @Paytm"
"3rd Test. 40.5: U Yadav to S Marsh (22), 4 runs, 96/4 https://t.co/d3NMQQCro5 #IndvAus @Paytm"
"That's Tea on Day 3! #TeamIndia are 303/4 (Pujara 109*, Nair 13*), trail Australia (451) by 148 runs #INDvAUS https://t.co/jF07E1DbXZ"
"3rd Test. 18.3: J Hazlewood to M Vijay (14), 4 runs, 55/0 https://t.co/d3NMQQCro5 #IndvAus @Paytm"
"3rd Test. 90.4: I Sharma to P Handscomb (66), 4 runs, 187/4 https://t.co/d3NMQQCro5 #IndvAus @Paytm"
"3rd Test. 162.4: J Hazlewood to C Pujara (169), 4 runs, 444/6 https://t.co/d3NMQQCro5 #IndvAus @Paytm"
"3rd Test. 38.1: N Lyon to M Vijay (41), 4 runs, 119/1 https://t.co/d3NMQQCro5 #IndvAus @Paytm"
"3rd Test. 24.6: J Hazlewood to L Rahul (59), 4 runs, 80/0 https://t.co/d3NMQQCro5 #IndvAus @Paytm"
"3rd Test. 10.1: S O'Keefe to L Rahul (27), 4 runs, 30/0 https://t.co/d3NMQQCro5 #IndvAus @Paytm"
"3rd Test. 205.4: N Lyon to R Jadeja (37), 6 runs, 577/8 https://t.co/d3NMQQCro5 #IndvAus @Paytm"
"3rd Test. 56.1: R Ashwin to P Handscomb (20), 4 runs, 121/4 https://t.co/d3NMQQCro5 #IndvAus @Paytm"
Welcome to our live coverage of the 3rd Test between India and Australia https://t.co/d3NMQQCro5 #IndvAus @Paytm
"3rd Test. 82.4: P Cummins to C Pujara (74), 4 runs, 234/3 https://t.co/d3NMQQCro5 #IndvAus @Paytm"
"#TeamIndia end Day 3 on 213/4 (Pujara 79*, Rahane 40* ), lead Australia (276) by 126 runs #INDvAUS https://t.co/zcKvOxuVEF"
"2nd Test. 16.1: J Hazlewood to C Pujara (9), 4 runs, 59/1 https://t.co/Qj8RbwMTOS #IndvAus @Paytm"
"3rd Test. 81.5: R Jadeja to G Maxwell (73), 6 runs, 266/4 https://t.co/d3NMQQCro5 #IndvAus @Paytm"
"At Tea on Day 3 of the 2nd Test, India (189 &amp; 122/4), lead Australia (276) by 35 runs #INDvAUS https://t.co/TamOGUYQkE"
150 comes up for @cheteshwar1 #INDvAUS https://t.co/p7xS96M6kp
Innings Break! India all out for 189 (Rahul 90). Nathan Lyon with figures of 8-50 #INDvAUS https://t.co/4EZWb7aTHZ
"2nd Test. 1.1: R Ashwin to D Warner (1), 4 runs, 10/0 https://t.co/Qj8RbwMTOS #IndvAus @Paytm"
"At Tea on Day 4, Australia 101/6 need 87 runs - India need 4 wickets to win the 2nd @Paytm Test #INDvAUS https://t.co/JsxMx9nkQo"
"2nd Test. 85.5: WICKET! R Ashwin (4) is out, b Josh Hazlewood, 246/8 https://t.co/Qj8RbwMTOS #IndvAus @Paytm"
"2nd Test. 39.2: N Lyon to C Pujara (38), 4 runs, 130/4 https://t.co/Qj8RbwMTOS #IndvAus @Paytm"
"2nd Test. 10.4: WICKET! A Mukund (16) is out, b Josh Hazlewood, 39/1 https://t.co/Qj8RbwMTOS #IndvAus @Paytm"
"1st Test. 20.5: S O'Keefe to A Rahane (14), 4 runs, 67/3 https://t.co/Px6Gu2Qz1R #IndvAus @Paytm"
Fourth Test 50 for @klrahul11. This is his third of the series so far @Paytm #INDvAUS https://t.co/qbxUqLyyYu
"3rd Test. 32.5: N Lyon to M Vijay (35), 4 runs, 105/1 https://t.co/d3NMQQCro5 #IndvAus @Paytm"
"FIFTY! A watchful half-century from @klrahul11, his 3rd in Tests @Paytm #INDvAUS https://t.co/3mcKfnWH6l"
"2nd Test. 56.4: M Starc to K Nair (25), 4 runs, 153/4 https://t.co/Qj8RbwMTOS #IndvAus @Paytm"
"At Tea on Day 4, India are 503/6. @cheteshwar1 &amp; @Wriddhipops stitch a 175 run partnership from 434 balls. India le‚Ä¶ https://t.co/D5aOBtWr5K"
"2nd Test. 57.2: N Lyon to A Rahane (26), 4 runs, 175/4 https://t.co/Qj8RbwMTOS #IndvAus @Paytm"
It is Stumps on Day 1 of the 2nd @Paytm Test. Australia are 40/0 from 16 overs &amp; trail India 189/10 by 149 runs.‚Ä¶ https://t.co/t8649UMgd3
#TeamIndia are here for the MAK Pataudi lecture and #BCCIawards #Naman https://t.co/Ja04BTZCSe
"3rd Test. 7.1: P Cummins to L Rahul (13), 4 runs, 15/0 https://t.co/d3NMQQCro5 #IndvAus @Paytm"
"IND XI: L Rahul, A Mukund, C Pujara, V Kohli, A Rahane, K Nair, R Ashwin, W Saha, R Jadeja, U Yadav, I Sharma"
"2nd Test. 35.1: N Lyon to C Pujara (32), 4 runs, 116/3 https://t.co/Qj8RbwMTOS #IndvAus @Paytm"
Oh dear! Virat's in a spot of bother. Landed awkwardly chasing down the ball. Ajinkya will stand-in for him as he t‚Ä¶ https://t.co/u4tCBSHzlr
"2nd Test. 93.4: R Ashwin to S Marsh (56), 4 runs, 199/5 https://t.co/Qj8RbwMTOS #IndvAus @Paytm"
"25.6: WICKET! M Marsh (13) is out, c Karun Nair b Ravichandran Ashwin, 101/5"
"Innings break! Australia all out for 276, lead India (189) by 87 runs #INDvAUS https://t.co/ea8Cvs6B5V"
"2nd Test. 18.4: I Sharma to D Warner (32), 4 runs, 50/0 https://t.co/Qj8RbwMTOS #IndvAus @Paytm"
"2nd Test. 61.3: N Lyon to C Pujara (67), 4 runs, 190/4 https://t.co/Qj8RbwMTOS #IndvAus @Paytm"
"1st Test. 75.3: R Ashwin to M Starc (24), 6 runs, 252/7 https://t.co/Px6Gu2Qz1R #IndvAus @Paytm"
"3rd Test. 7.4: U Yadav to D Warner (15), 4 runs, 44/0 https://t.co/d3NMQQCro5 #IndvAus @Paytm"
"IND XI: L Rahul, M Vijay, C Pujara, V Kohli, A Rahane, K Nair, R Ashwin, W Saha, R Jadeja, U Yadav, I Sharma"
.@imVkohli receives the Polly Umrigar award #Naman https://t.co/eLewm11UVa
"2nd Test. 116.6: R Jadeja to M Wade (37), 4 runs, 267/6 https://t.co/Qj8RbwMTOS #IndvAus @Paytm"
Hello beautiful Dharamsala! We are here! #TeamIndia #INDvAUS https://t.co/5NrXzlkXMw
"70.4: WICKET! M Vijay (82) is out, st Matthew Wade b Steve O'Keefe, 193/2 https://t.co/d3NMQQCro5 #IndvAus @Paytm"
"3rd Test. 134.2: S O'Keefe to C Pujara (136), 4 runs, 374/6 https://t.co/d3NMQQCro5 #IndvAus @Paytm"
"3rd Test. 161.2: P Cummins to W Saha (63), 4 runs, 440/6 https://t.co/d3NMQQCro5 #IndvAus @Paytm"
"3rd Test. 85.3: R Ashwin to S Smith (113), 4 runs, 283/4 https://t.co/d3NMQQCro5 #IndvAus @Paytm"
"2nd Test. 39.1: N Lyon to C Pujara (34), 4 runs, 126/4 https://t.co/Qj8RbwMTOS #IndvAus @Paytm"
Time to regroup and take the field with a recharged energy in Ranchi.Preparations begin for the 3rd Test #TeamIndia‚Ä¶ https://t.co/NBYESJZJYx
"3rd Test. 66.1: N Lyon to M Vijay (76), 4 runs, 177/1 https://t.co/d3NMQQCro5 #IndvAus @Paytm"
.@ashwinravi99 receives the Dilip Sardesai award #Naman https://t.co/cW3XtlEfFA
"3rd Test. 28.2: U Yadav to S Smith (27), 4 runs, 101/3 https://t.co/d3NMQQCro5 #IndvAus @Paytm"
Big day for the bowlers coming up! Marking run-ups @y_umesh before the start of play #INDvAUS #TeamIndia @Paytm Tes‚Ä¶ https://t.co/HWbu0y6Pav
"2nd Test. 24.6: M Starc to L Rahul (47), 4 runs, 68/1 https://t.co/Qj8RbwMTOS #IndvAus @Paytm"
"2nd Test. 74.4: R Jadeja to P Handscomb (16), 4 runs, 156/3 https://t.co/Qj8RbwMTOS #IndvAus @Paytm"
"Time for a break. #TeamIndia are 193/2 at Lunch on Day 3 of the 3rd @Paytm Test, trail Australia (451) by 258 runs‚Ä¶ https://t.co/CsWLAXjN14"
"2nd Test. 83.1: I Sharma to M Wade (5), 4 runs, 173/5 https://t.co/Qj8RbwMTOS #IndvAus @Paytm"
"2nd Test. 120.1: WICKET! M Wade (40) is out, lbw Ravindra Jadeja, 274/8 https://t.co/Qj8RbwMTOS #IndvAus @Paytm"
"1st Test. 15.6: J Hazlewood to C Pujara (12), 4 runs, 45/2 https://t.co/Px6Gu2Qz1R #IndvAus @Paytm"
"At Lunch on Day 1 of the 2nd @Paytm Test, India are 72/2 (Rahul 48*). Follow the game here https://t.co/Qj8RbwMTOS‚Ä¶ https://t.co/ITdrtHhNCY"
"3rd Test. 35.1: R Jadeja to S Smith (41), 4 runs, 122/3 https://t.co/d3NMQQCro5 #IndvAus @Paytm"
FIFTY! @cheteshwar1 brings up his 14th Test 50 @Paytm Test Cricket #INDvAUS https://t.co/lbLGpi5HLL
VIDEO: What did @cheteshwar1 do to counter Starc &amp; O'Keefe in the Bengaluru Test. Find out here #TeamIndia #INDvAUS‚Ä¶ https://t.co/5K3BUJ3Fd7
"3rd Test. 84.1: N Lyon to C Pujara (80), 4 runs, 240/3 https://t.co/d3NMQQCro5 #IndvAus @Paytm"
"2nd Test. 29.4: WICKET! M Starc (1) is out, b Ravichandran Ashwin, 103/7 https://t.co/Qj8RbwMTOS #IndvAus @Paytm"
"3rd Test. 100.2: N Lyon to K Nair (13), 4 runs, 307/4 https://t.co/d3NMQQCro5 #IndvAus @Paytm"
OUT or NOT OUT ? Richard Kettleborough thought it was out. What do you think ? #Virat @Paytm #INDvAUS https://t.co/ytG40lfuwt
"2nd Test. 14.6: WICKET! S Marsh (9) is out, lbw Umesh Yadav, 67/3 https://t.co/Qj8RbwMTOS #IndvAus @Paytm"
"80.4: WICKET! V Kohli (6) is out, c Steve Smith b Pat Cummins, 225/3 https://t.co/d3NMQQCro5 #IndvAus @Paytm"
"3rd Test. 74.3: S O'Keefe to C Pujara (48), 4 runs, 202/2 https://t.co/d3NMQQCro5 #IndvAus @Paytm"
"RT @ImRo45: Great going Team India, Pujara &amp; Saha brilliant stuff. Another good hour after tea and we should be in a strong position in thi‚Ä¶"
"2nd Test. 33.5: WICKET! V Kohli (12) is out, lbw Nathan Lyon, 88/3 https://t.co/Qj8RbwMTOS #IndvAus @Paytm"
VIDEO:The ultimate @msdhoni- @DeepDasgupta7/@sanjaymanjrekar- @Wriddhipops- @imjadeja run-out package‚Ä¶ https://t.co/uxgz5k4mU0
"3rd Test. 185.2: N Lyon to W Saha (96), 4 runs, 498/6 https://t.co/d3NMQQCro5 #IndvAus @Paytm"
.@cheteshwar1 on what went into the making of a Ranchi epic. Interview by @28anand https://t.co/jvmkMdGQCK #INDvAUS https://t.co/WH8zIhhnVx
"101.2: WICKET! G Maxwell (104) is out, c Wriddhiman Saha b Ravindra Jadeja, 331/5"
"9.1: WICKET! D Warner (17) is out, lbw Ravichandran Ashwin, 42/2 https://t.co/Qj8RbwMTOS #IndvAus @Paytm"
"1st Test. 77.4: R Ashwin to M Starc (30), 6 runs, 258/7 https://t.co/Px6Gu2Qz1R #IndvAus @Paytm"
VIDEO: Presenting the @ashwinravi99 - @cheteshwar1 rendezvous https://t.co/6JHPW1SNgG #INDvAUS
"2nd Test. 3.4: R Ashwin to D Warner (8), 4 runs, 22/0 https://t.co/Qj8RbwMTOS #IndvAus @Paytm"
"2nd Test. 21.1: WICKET! D Warner (33) is out, b Ravichandran Ashwin, 52/1 https://t.co/Qj8RbwMTOS #IndvAus @Paytm"
"3rd Test. 15.5: R Jadeja to S Smith (12), 4 runs, 68/1 https://t.co/d3NMQQCro5 #IndvAus @Paytm"
Both teams have moved on from Bangalore. The focus should be back on the series. Priority is cricket: India captain‚Ä¶ https://t.co/n9i2TYkuLi
"57.2: WICKET! K Nair (26) is out, st Matthew Wade b Steve O'Keefe, 156/5 https://t.co/Qj8RbwMTOS #IndvAus @Paytm"
"85.2: WICKET! C Pujara (92) is out, c Mitchell Marsh b Josh Hazlewood, 242/7"
"3rd Test. 163.1: P Cummins to W Saha (67), 4 runs, 448/6 https://t.co/d3NMQQCro5 #IndvAus @Paytm"
"2nd Test. 71.1: M Starc to C Pujara (78), 4 runs, 212/4 https://t.co/Qj8RbwMTOS #IndvAus @Paytm"
"3rd Test. 8.5: S O'Keefe to L Rahul (22), 4 runs, 24/0 https://t.co/d3NMQQCro5 #IndvAus @Paytm"
"3rd Test. 80.2: P Cummins to C Pujara (63), 4 runs, 222/2 https://t.co/d3NMQQU2fD #IndvAus @Paytm"
"97.1: WICKET! I Sharma (6) is out, c Shaun Marsh b Steve O'Keefe, 274 all out"
"#TeamIndia batsman @ImRo45 on the 'frustrating' times, importance of staying positive &amp; more..Interview by @28anand‚Ä¶ https://t.co/D0LX6vdnqm"
#Naman https://t.co/JpxvBwDGkv
"3rd Test. 113.5: R Jadeja to M Wade (34), 4 runs, 391/5 https://t.co/d3NMQQCro5 #IndvAus @Paytm"
"2nd Test. 52.3: M Starc to K Nair (10), 4 runs, 135/4 https://t.co/Qj8RbwMTOS #IndvAus @Paytm"
"3rd Test. 72.3: U Yadav to S Marsh (43), 4 runs, 156/4 https://t.co/d3NMQQCro5 #IndvAus @Paytm"
"2nd Test. 16.6: J Hazlewood to L Rahul (36), 4 runs, 48/1 https://t.co/Qj8RbwMTOS #IndvAus @Paytm"
"3rd Test. 65.4: J Hazlewood to C Pujara (32), 4 runs, 173/1 https://t.co/d3NMQQCro5 #IndvAus @Paytm"
Applause all around as @Wriddhipops brings up his 50 #INDvAUS https://t.co/kqYWeIFY0J
.@karun126 getting a few hits in the nets. First the calm and then the flourish #TeamIndia #INDvAUS https://t.co/D7gc0dnahZ
"2nd Test. 14.6: J Hazlewood to L Rahul (29), 4 runs, 34/1 https://t.co/Qj8RbwMTOS #IndvAus @Paytm"
"Australia win the 1st @Paytm Test match by 333 runs, lead the 4-match Test series 1-0 #INDvAUS https://t.co/TU8hUWqjPK"
"2nd Test. 59.3: R Ashwin to M Renshaw (48), 4 runs, 113/2 https://t.co/Qj8RbwMTOS #IndvAus @Paytm"
"2nd Test. 44.2: J Hazlewood to A Rahane (12), 4 runs, 144/4 https://t.co/Qj8RbwMTOS #IndvAus @Paytm"
"RT @chopraanjum: Picture says it all.Grit,determination, focus and acknowledgement of the hard work.Double hundred for @cheteshwar1 #IndvAu‚Ä¶"
#TeamIndia have won the toss and will bat first - Abhinav Mukund and @karun126 in place of Vijay &amp; Jayant Yadav‚Ä¶ https://t.co/10AKvKjbMa
"3rd Test. 25.2: R Ashwin to P Handscomb (4), 4 runs, 93/3 https://t.co/d3NMQQCro5 #IndvAus @Paytm"
"2nd Test. 34.2: WICKET! S O'Keefe (2) is out, b Ravindra Jadeja, 110/8 https://t.co/Qj8RbwMTOS #IndvAus @Paytm"
"1st Test. 83.4: WICKET! N Lyon (13) is out, lbw Umesh Yadav, 279/9 https://t.co/Px6Gu2Qz1R #IndvAus @Paytm"
"3rd Test. 63.5: S O'Keefe to M Vijay (65), 4 runs, 160/1 https://t.co/d3NMQQCro5 #IndvAus @Paytm"
"3rd Test. 69.1: J Hazlewood to C Pujara (38), 4 runs, 189/1 https://t.co/d3NMQQCro5 #IndvAus @Paytm"
Target practice - @ImIshant in action #INDvAUS #TeamIndia @Paytm Test cricket https://t.co/OEUK8ZngWo
Back to the grind. Captain @imVkohli warming up at the nets #TeamIndia #INDvAUS https://t.co/ervGO2CQqf
Australia have won the toss and will bat first. One change for #TeamIndia - Vijay comes in place of Mukund #INDvAUS https://t.co/nQDXO9eoRg
"3rd Test. 152.1: N Lyon to W Saha (48), 6 runs, 415/6 https://t.co/d3NMQQCro5 #IndvAus @Paytm"
"137.3: WICKET! J Hazlewood (0) is out, run out (Lokesh Rahul/Ravindra Jadeja), 451 all out"
The pitch getting some attendance this morning #INDvAUS @Paytm Test cricket https://t.co/XkdXee6gIM
"3rd Test. 123.1: R Jadeja to S Smith (161), 4 runs, 414/7 https://t.co/d3NMQQCro5 #IndvAus @Paytm"
"3rd Test. 115.6: WICKET! P Cummins (0) is out, b Ravindra Jadeja, 395/7 https://t.co/d3NMQQCro5 #IndvAus @Paytm"
".@mvj888 is at the verge of playing his landmark Test tomorrow &amp; is eager to make it a memorable one,writes‚Ä¶ https://t.co/c4JFzZTR3t"
"Ever seen @anilkumble1074 bowl left-arm spin? Answers to the ""why"" on https://t.co/uKFHYdKZLG soon #TeamIndia‚Ä¶ https://t.co/wozleY5Ufb"
"3rd Test. 93.1: I Sharma to G Maxwell (91), 4 runs, 314/4 https://t.co/d3NMQQCro5 #IndvAus @Paytm"
Caption this.. #INDvAUS https://t.co/GGz4jhvXp7
"2nd Test. 0.1: M Starc to L Rahul (4), 4 runs, 4/0 https://t.co/Qj8RbwMTOS #IndvAus @Paytm"
"#ThisDayThatYear - In 1915, former #TeamIndia Captain Vijay Hazare was born. He averaged 47.65 from 30 Tests. https://t.co/NAFyy27yE6"
"33.5: WICKET! J Yadav (5) is out, c Matthew Wade b Nathan Lyon, 107 all out"
"2nd Test. 84.3: WICKET! A Rahane (52) is out, lbw Mitchell Starc, 238/5 https://t.co/Qj8RbwMTOS #IndvAus @Paytm"
"3rd Test. 72.4: R Ashwin to G Maxwell (44), 4 runs, 233/4 https://t.co/d3NMQQCro5 #IndvAus @Paytm"
"1st Test. 81.6: R Ashwin to N Lyon (13), 6 runs, 279/8 https://t.co/Px6Gu2Qz1R #IndvAus @Paytm"
"1st Test. 23.5: N Lyon to R Ashwin (5), 4 runs, 86/4 https://t.co/Px6Gu2Qz1R #IndvAus @Paytm"
NEWS ALERT - Captain Virat Kohli recuperating from shoulder strain. Relevant investigations have revealed that ther‚Ä¶ https://t.co/oxPRrjbLKR
From the @cheteshwar1 book of batting #INDvAUS #TeamIndia https://t.co/sYQjU3OG2O
